{
  "accuracy": 0.2926829268292683,
  "auc_roc": 0.6522988505747126,
  "f1_score": 0.4528301886792453,
  "threshold": 0.2
}