{
  "loss": [
    1.1255018313725789,
    1.1212309499581654,
    0.9345430334409078,
    1.1109557052453358,
    1.1054180363814037,
    0.9320676922798157,
    0.9351208905378977,
    0.9253888130187988,
    0.9344037274519602,
    0.9344666202863058,
    0.9343883295853933,
    0.9270076354344686,
    0.9287225802739462,
    0.9279702206452688,
    0.940575122833252,
    0.932054191827774,
    1.1138547261555989,
    1.1032339533170064,
    0.9287852545579275,
    1.0959148009618123,
    0.9352173209190369,
    0.9368903140227,
    0.9290657639503479,
    0.926887591679891,
    1.1096894244352977,
    1.0885226130485535,
    0.9420684476693472,
    0.9401632845401764,
    1.0886386235555012,
    0.936553418636322,
    0.9315823415915171,
    1.087163229783376,
    0.9359333415826162,
    0.9239013493061066,
    0.9412063260873159,
    0.934558113416036,
    1.0961467325687408,
    0.939092735449473,
    0.9397043486436208,
    0.9346713423728943,
    0.9356156090895335,
    1.1041770378748577,
    1.1053379873434703,
    0.9377506375312805,
    1.0873381396134694,
    0.9400868912537893,
    0.9391473134358724,
    0.9346729815006256,
    0.9303333461284637,
    0.9194469253222147
  ],
  "epoch": [
    1,
    2,
    3,
    4,
    5,
    6,
    7,
    8,
    9,
    10,
    11,
    12,
    13,
    14,
    15,
    16,
    17,
    18,
    19,
    20,
    21,
    22,
    23,
    24,
    25,
    26,
    27,
    28,
    29,
    30,
    31,
    32,
    33,
    34,
    35,
    36,
    37,
    38,
    39,
    40,
    41,
    42,
    43,
    44,
    45,
    46,
    47,
    48,
    49,
    50
  ]
}